{
  "config": {
    "ablation": "no_attention",
    "run_mode": "full",
    "seed": 42,
    "basis_index_zero_based": 3,
    "basis_number_one_based": 4,
    "train_size": 3500,
    "val_size": 300,
    "test_size": 100,
    "batch_size": 32,
    "epochs": 60,
    "learning_rate": 0.001,
    "grad_weight": 0.1,
    "device": "cuda"
  },
  "metrics": {
    "mse": 0.014758682809770107,
    "rmse": 0.1214853193178917,
    "mae": 0.04258330389857292,
    "r2": 0.9166436195373535,
    "relative_l2": 0.28463449597358703,
    "grad_mse": 0.05055812865495682,
    "max_abs_error": 1.921141266822815,
    "n_samples": 100
  }
}