{
  "config": {
    "ablation": "no_gradient",
    "run_mode": "full",
    "seed": 42,
    "basis_index_zero_based": 3,
    "basis_number_one_based": 4,
    "train_size": 3500,
    "val_size": 300,
    "test_size": 100,
    "batch_size": 16,
    "epochs": 60,
    "learning_rate": 0.001,
    "grad_weight": 0.0,
    "device": "cuda"
  },
  "metrics": {
    "mse": 0.009924933713461672,
    "rmse": 0.09962396154270152,
    "mae": 0.029257487133145334,
    "r2": 0.9439490182059151,
    "relative_l2": 0.23578936696052552,
    "grad_mse": 0.03437751978635788,
    "max_abs_error": 1.800111174583435,
    "n_samples": 100
  }
}